asking_price,broker_name,brokerage,business_name,business_type,city,county,created_at,evidence_confidence,ffe_value,first_seen_date,fllm_est_license_value,gross_revenue,id,is_featured_broker_listing,last_seen_date,license_number,license_type,listing_key,listing_status,notes,observation_date,sde_cash_flow,source_id,source_platform,source_url,updated_at
795000,,,,Bar,,Martin County,2026-10-03T15:17:01.804213+00:00,95,,2026-10-02,,,58541fc9-5dad-40a1-9677-c089a8dd0500,false,2026-10-02,,4COP Quota,FLLM-MKT-Q-001,active,Backfilled from legacy market_listing_observations.,2026-10-02,,89f80222-6530-4a46-a2e7-71f04a76e24f,,,2026-10-03T15:17:01.804213+00:00
195000,,,,Restaurant,,Miami-Dade County,2026-10-03T15:17:01.804213+00:00,95,,2026-10-02,,,a50ce30a-a778-4d2f-867e-d8c62a34a9fd,false,2026-10-02,,2COP Beer & Wine,FLLM-MKT-2COP-005,active,Backfilled from legacy market_listing_observations.,2026-10-02,,89f80222-6530-4a46-a2e7-71f04a76e24f,,,2026-10-03T15:17:01.804213+00:00
799000,,,,Restaurant,,Brevard County,2026-10-03T15:17:01.804213+00:00,95,,2026-10-02,,,d1925ae9-035c-41b4-b945-c1de0b40ec82,false,2026-10-02,,4COP SFS/SRX,FLLM-MKT-SFS-005,active,Backfilled from legacy market_listing_observations.,2026-10-02,,89f80222-6530-4a46-a2e7-71f04a76e24f,,,2026-10-03T15:17:01.804213+00:00
499000,,,,Restaurant,,Broward County,2026-10-03T15:17:01.804213+00:00,95,,2026-10-02,,,779ecb0d-5fe1-4e1a-aba4-bff09a395633,false,2026-10-02,,4COP SFS/SRX,FLLM-MKT-SFS-001,active,Backfilled from legacy market_listing_observations.,2026-10-02,,89f80222-6530-4a46-a2e7-71f04a76e24f,,,2026-10-03T15:17:01.804213+00:00
250000,,,,Restaurant,,Orange County,2026-10-03T15:17:01.804213+00:00,95,,2026-10-02,,,1d952ab5-1a19-48c5-b0d7-0996b303e0ef,false,2026-10-02,,4COP SFS/SRX,FLLM-MKT-SFS-003,active,Backfilled from legacy market_listing_observations.,2026-10-02,,89f80222-6530-4a46-a2e7-71f04a76e24f,,,2026-10-03T15:17:01.804213+00:00
3200000,,,,Liquor Store,,Miami-Dade County,2026-10-03T15:17:01.804213+00:00,95,,2026-10-02,,,be4d8b3a-0ea2-4dcd-b1d6-ed163651c1bd,false,2026-10-02,,3PS Quota / Package Store,FLLM-MKT-Q-029,active,Backfilled from legacy market_listing_observations.,2026-10-02,,89f80222-6530-4a46-a2e7-71f04a76e24f,,,2026-10-03T15:17:01.804213+00:00
650000,,,,Bar,,Volusia County,2026-10-03T15:17:01.804213+00:00,95,,2026-10-02,,,e1d82c92-6255-4140-a012-cc7aaf819969,false,2026-10-02,,4COP Quota,FLLM-MKT-Q-026,active,Backfilled from legacy market_listing_observations.,2026-10-02,,89f80222-6530-4a46-a2e7-71f04a76e24f,,,2026-10-03T15:17:01.804213+00:00
675000,,,,Liquor Store,,Martin County,2026-10-03T15:17:01.804213+00:00,95,,2026-10-02,,,1e836085-c54e-425f-9602-6ee124b5a951,false,2026-10-02,,3PS Quota / Package Store,FLLM-MKT-Q-039,active,Backfilled from legacy market_listing_observations.,2026-10-02,,89f80222-6530-4a46-a2e7-71f04a76e24f,,,2026-10-03T15:17:01.804213+00:00
399000,,,,Bar,,Charlotte County,2026-10-03T15:17:01.804213+00:00,95,,2026-10-02,,,5dac69f1-00fe-4d22-8f58-b372849b618e,false,2026-10-02,,2COP Beer & Wine,FLLM-MKT-2COP-020,active,Backfilled from legacy market_listing_observations.,2026-10-02,,89f80222-6530-4a46-a2e7-71f04a76e24f,,,2026-10-03T15:17:01.804213+00:00
549900,,,,Bar,,Hillsborough County,2026-10-03T15:17:01.804213+00:00,95,,2026-10-02,,,e1cd4dd7-0b2f-44f8-8436-14153f6fcfe7,false,2026-10-02,,4COP Quota,FLLM-MKT-Q-007,active,Backfilled from legacy market_listing_observations.,2026-10-02,,89f80222-6530-4a46-a2e7-71f04a76e24f,,,2026-10-03T15:17:01.804213+00:00
420000,,,,Bar,,St. Lucie County,2026-10-03T15:17:01.804213+00:00,95,,2026-10-02,,,e55d84de-3a17-4e63-8394-3bd741410a3c,false,2026-10-02,,4COP Quota,FLLM-MKT-Q-003,active,Backfilled from legacy market_listing_observations.,2026-10-02,,89f80222-6530-4a46-a2e7-71f04a76e24f,,,2026-10-03T15:17:01.804213+00:00
2300000,,,,Gentlemen's Club,,Brevard County,2026-10-03T15:17:01.804213+00:00,95,,2026-10-02,,,9210fc02-b4d0-4146-ade2-c5b422485d75,false,2026-10-02,,4COP Quota,FLLM-MKT-Q-019,active,Backfilled from legacy market_listing_observations.,2026-10-02,,89f80222-6530-4a46-a2e7-71f04a76e24f,,,2026-10-03T15:17:01.804213+00:00
700000,,,,Gentlemen's Club,,Broward County,2026-10-03T15:17:01.804213+00:00,95,,2026-10-02,,,07d8dc4c-0494-4ef3-bdf4-28ffc67b51f1,false,2026-10-02,,4COP Quota,FLLM-MKT-Q-024,active,Backfilled from legacy market_listing_observations.,2026-10-02,,89f80222-6530-4a46-a2e7-71f04a76e24f,,,2026-10-03T15:17:01.804213+00:00
850000,,,,Bar,,Polk County,2026-10-03T15:17:01.804213+00:00,95,,2026-10-03,,,26cdcac6-3c1c-4cac-a1c3-db1b44045083,false,2026-10-03,,4COP SFS/SRX,FLLM-MKT-SFS-021,active,Backfilled from legacy market_listing_observations.,2026-10-03,,89f80222-6530-4a46-a2e7-71f04a76e24f,,,2026-10-03T15:17:01.804213+00:00
70000,,,,Bar,,Pinellas County,2026-10-03T15:17:01.804213+00:00,95,,2026-10-03,,,f9283050-8d00-41bb-9e49-78ce10b2723e,false,2026-10-03,,4COP SFS/SRX,FLLM-MKT-SFS-037,active,Backfilled from legacy market_listing_observations.,2026-10-03,,89f80222-6530-4a46-a2e7-71f04a76e24f,,,2026-10-03T15:17:01.804213+00:00
190000,,,,Bar,,Pinellas County,2026-10-03T15:17:01.804213+00:00,95,,2026-10-03,,,d26ee858-ca0b-4666-9374-7e1e44446e57,false,2026-10-03,,4COP SFS/SRX,FLLM-MKT-SFS-024,active,Backfilled from legacy market_listing_observations.,2026-10-03,,89f80222-6530-4a46-a2e7-71f04a76e24f,,,2026-10-03T15:17:01.804213+00:00
160000,,,,Restaurant,,Duval County,2026-10-03T15:17:01.804213+00:00,95,,2026-10-03,,,c876b773-7d49-40cb-914e-bbaf2f3d0359,false,2026-10-03,,2COP Beer & Wine,FLLM-MKT-2COP-026,active,Backfilled from legacy market_listing_observations.,2026-10-03,,89f80222-6530-4a46-a2e7-71f04a76e24f,,,2026-10-03T15:17:01.804213+00:00
1650000,,,,Nightclub,,Broward County,2026-10-03T15:17:01.804213+00:00,95,,2026-10-03,,,9ef44ff8-43d1-4a11-a175-556e0c1132e5,false,2026-10-03,,4COP Quota,FLLM-MKT-Q-018,active,Backfilled from legacy market_listing_observations.,2026-10-03,,89f80222-6530-4a46-a2e7-71f04a76e24f,,,2026-10-03T15:17:01.804213+00:00
519000,,,,Restaurant,,Pasco County,2026-10-03T15:17:01.804213+00:00,95,,2026-10-03,,,60ab0c91-d5ca-47fe-be0f-9027611cf17b,false,2026-10-03,,4COP SFS/SRX,FLLM-MKT-SFS-011,active,Backfilled from legacy market_listing_observations.,2026-10-03,,89f80222-6530-4a46-a2e7-71f04a76e24f,,,2026-10-03T15:17:01.804213+00:00
1000000,,,,Bar,,Broward County,2026-10-03T15:17:01.804213+00:00,95,,2026-10-03,,,988aac29-1a43-458f-92d1-60da00ab6476,false,2026-10-03,,4COP Quota,FLLM-MKT-Q-031,active,Backfilled from legacy market_listing_observations.,2026-10-03,,89f80222-6530-4a46-a2e7-71f04a76e24f,,,2026-10-03T15:17:01.804213+00:00
615000,,,,Restaurant,,Palm Beach County,2026-10-03T15:17:01.804213+00:00,95,,2026-10-03,,,f19b5ad3-d675-4cbb-8282-10c281eca049,false,2026-10-03,,4COP SFS/SRX,FLLM-MKT-SFS-035,active,Backfilled from legacy market_listing_observations.,2026-10-03,,89f80222-6530-4a46-a2e7-71f04a76e24f,,,2026-10-03T15:17:01.804213+00:00
1200000,,,,Restaurant,,Pinellas County,2026-10-03T15:17:01.804213+00:00,95,,2026-10-03,,,64adafed-4db7-4f24-96c4-1570fc588868,false,2026-10-03,,4COP SFS/SRX,FLLM-MKT-SFS-016,active,Backfilled from legacy market_listing_observations.,2026-10-03,,89f80222-6530-4a46-a2e7-71f04a76e24f,,,2026-10-03T15:17:01.804213+00:00
790000,,,,Nightclub,,Broward County,2026-10-03T15:17:01.804213+00:00,95,,2026-10-03,,,490c2312-2628-43c2-b83f-6035af926dd5,false,2026-10-03,,4COP Quota,FLLM-MKT-Q-015,active,Backfilled from legacy market_listing_observations.,2026-10-03,,89f80222-6530-4a46-a2e7-71f04a76e24f,,,2026-10-03T15:17:01.804213+00:00
750000,,,,Nightclub,,Miami-Dade County,2026-10-03T15:17:01.804213+00:00,95,,2026-10-03,,,cbc5537d-2f8d-416f-9feb-ac25095e26bd,false,2026-10-03,,4COP Quota,FLLM-MKT-Q-020,active,Backfilled from legacy market_listing_observations.,2026-10-03,,89f80222-6530-4a46-a2e7-71f04a76e24f,,,2026-10-03T15:17:01.804213+00:00
495000,,,,Nightclub,,Broward County,2026-10-03T15:17:01.804213+00:00,95,,2026-10-03,,,cab8bb7b-ba87-40c6-bf51-c60d9ef377d8,false,2026-10-03,,4COP Quota,FLLM-MKT-Q-014,active,Backfilled from legacy market_listing_observations.,2026-10-03,,89f80222-6530-4a46-a2e7-71f04a76e24f,,,2026-10-03T15:17:01.804213+00:00
495000,,,,Restaurant,,Palm Beach County,2026-10-03T15:17:01.804213+00:00,95,,2026-10-03,,,3b72f8b9-58d8-4f62-b1a7-31d0ec3b156b,false,2026-10-03,,4COP SFS/SRX,FLLM-MKT-SFS-017,active,Backfilled from legacy market_listing_observations.,2026-10-03,,89f80222-6530-4a46-a2e7-71f04a76e24f,,,2026-10-03T15:17:01.804213+00:00
99000,,,,Restaurant,,Palm Beach County,2026-10-03T15:17:01.804213+00:00,95,,2026-10-03,,,4730bafa-27ed-42d4-8573-318384a3dad7,false,2026-10-03,,2COP Beer & Wine,FLLM-MKT-2COP-014,active,Backfilled from legacy market_listing_observations.,2026-10-03,,89f80222-6530-4a46-a2e7-71f04a76e24f,,,2026-10-03T15:17:01.804213+00:00
220000,,,,Restaurant,,Palm Beach County,2026-10-03T15:17:01.804213+00:00,95,,2026-10-03,,,f48195da-c938-410d-8726-c8368d479a61,false,2026-10-03,,2COP Beer & Wine,FLLM-MKT-2COP-006,active,Backfilled from legacy market_listing_observations.,2026-10-03,,89f80222-6530-4a46-a2e7-71f04a76e24f,,,2026-10-03T15:17:01.804213+00:00
199000,,,,Bar,,Palm Beach County,2026-10-03T15:17:01.804213+00:00,95,,2026-10-03,,,a8c0fe72-cd3e-46c7-83b5-64d11b31d0ba,false,2026-10-03,,4COP SFS/SRX,FLLM-MKT-SFS-014,active,Backfilled from legacy market_listing_observations.,2026-10-03,,89f80222-6530-4a46-a2e7-71f04a76e24f,,,2026-10-03T15:17:01.804213+00:00
615000,,,,Restaurant,,Palm Beach County,2026-10-03T15:17:01.804213+00:00,95,,2026-10-03,,,352d484c-d3cc-4a43-969a-febd23504c14,false,2026-10-03,,4COP SFS/SRX,FLLM-MKT-SFS-042,active,Backfilled from legacy market_listing_observations.,2026-10-03,,89f80222-6530-4a46-a2e7-71f04a76e24f,,,2026-10-03T15:17:01.804213+00:00
1299000,,,,Restaurant,,Palm Beach County,2026-10-03T15:17:01.804213+00:00,95,,2026-10-03,,,27f2e84d-b3a5-4dc6-8adf-7fa6990757f9,false,2026-10-03,,4COP Quota,FLLM-MKT-Q-027,active,Backfilled from legacy market_listing_observations.,2026-10-03,,89f80222-6530-4a46-a2e7-71f04a76e24f,,,2026-10-03T15:17:01.804213+00:00
199000,,,,Restaurant,,Palm Beach County,2026-10-03T15:17:01.804213+00:00,95,,2026-10-03,,,1dc9507c-75b3-49c5-8e59-097a650ae40c,false,2026-10-03,,4COP Quota,FLLM-MKT-Q-028,active,Backfilled from legacy market_listing_observations.,2026-10-03,,89f80222-6530-4a46-a2e7-71f04a76e24f,,,2026-10-03T15:17:01.804213+00:00
2299000,,,,Bar,,Sarasota County,2026-10-03T15:17:01.804213+00:00,95,,2026-10-03,,,44005231-63eb-4a8a-abf0-61cc64cfa5ee,false,2026-10-03,,4COP Quota,FLLM-MKT-Q-012,active,Backfilled from legacy market_listing_observations.,2026-10-03,,89f80222-6530-4a46-a2e7-71f04a76e24f,,,2026-10-03T15:17:01.804213+00:00
395000,,,,Bar,,Palm Beach County,2026-10-03T15:17:01.804213+00:00,95,,2026-10-03,,,3fe51f94-9691-4862-b4b0-21d7ca71d730,false,2026-10-03,,4COP SFS/SRX,FLLM-MKT-SFS-029,active,Backfilled from legacy market_listing_observations.,2026-10-03,,89f80222-6530-4a46-a2e7-71f04a76e24f,,,2026-10-03T15:17:01.804213+00:00
699000,,,,Liquor Store,,Palm Beach County,2026-10-03T15:17:01.804213+00:00,95,,2026-10-03,,,d18188f9-0abe-4d13-8241-bdffe7371c95,false,2026-10-03,,3PS Quota / Package Store,FLLM-MKT-Q-037,active,Backfilled from legacy market_listing_observations.,2026-10-03,,89f80222-6530-4a46-a2e7-71f04a76e24f,,,2026-10-03T15:17:01.804213+00:00
1190000,,,,Bar,,Clay County,2026-10-03T15:17:01.804213+00:00,95,,2026-10-03,,,4bb00873-fa1f-41c3-85cc-792919fc18af,false,2026-10-03,,4COP Quota,FLLM-MKT-Q-042,active,Backfilled from legacy market_listing_observations.,2026-10-03,,89f80222-6530-4a46-a2e7-71f04a76e24f,,,2026-10-03T15:17:01.804213+00:00
950000,,,,Bar,,Duval County,2026-10-03T15:17:01.804213+00:00,95,,2026-10-03,,,de52dac7-1caa-445c-bdd2-c44e0f8cc9d4,false,2026-10-03,,4COP Quota,FLLM-MKT-Q-005,active,Backfilled from legacy market_listing_observations.,2026-10-03,,89f80222-6530-4a46-a2e7-71f04a76e24f,,,2026-10-03T15:17:01.804213+00:00
795000,,,,Liquor Store,,Orange County,2026-10-03T15:17:01.804213+00:00,95,,2026-10-03,,,f3784148-9240-4286-9afc-3d13225ac2ee,false,2026-10-03,,3PS Quota / Package Store,FLLM-MKT-Q-036,active,Backfilled from legacy market_listing_observations.,2026-10-03,,89f80222-6530-4a46-a2e7-71f04a76e24f,,,2026-10-03T15:17:01.804213+00:00
275000,,,,Restaurant,,Orange County,2026-10-03T15:17:01.804213+00:00,95,,2026-10-03,,,e453330b-6553-4093-a7dc-9d97cc3c538d,false,2026-10-03,,2COP Beer & Wine,FLLM-MKT-2COP-001,active,Backfilled from legacy market_listing_observations.,2026-10-03,,89f80222-6530-4a46-a2e7-71f04a76e24f,,,2026-10-03T15:17:01.804213+00:00
750000,,,,Restaurant,,Orange County,2026-10-03T15:17:01.804213+00:00,95,,2026-10-03,,,8ea7269a-b595-4afe-87fa-782847641887,false,2026-10-03,,4COP SFS/SRX,FLLM-MKT-SFS-040,active,Backfilled from legacy market_listing_observations.,2026-10-03,,89f80222-6530-4a46-a2e7-71f04a76e24f,,,2026-10-03T15:17:01.804213+00:00
750000,,,,Restaurant,,Orange County,2026-10-03T15:17:01.804213+00:00,95,,2026-10-03,,,40b160b0-8d69-4df8-b264-ff8de611782f,false,2026-10-03,,4COP SFS/SRX,FLLM-MKT-SFS-036,active,Backfilled from legacy market_listing_observations.,2026-10-03,,89f80222-6530-4a46-a2e7-71f04a76e24f,,,2026-10-03T15:17:01.804213+00:00
3500000,,,,Restaurant,,Orange County,2026-10-03T15:17:01.804213+00:00,95,,2026-10-03,,,e948774e-8271-47bc-87b6-4f55a2cd4b0d,false,2026-10-03,,4COP SFS/SRX,FLLM-MKT-SFS-034,active,Backfilled from legacy market_listing_observations.,2026-10-03,,89f80222-6530-4a46-a2e7-71f04a76e24f,,,2026-10-03T15:17:01.804213+00:00
795000,,,,Liquor Store,,Orange County,2026-10-03T15:17:01.804213+00:00,95,,2026-10-03,,,010fe172-da67-4985-a8f1-c97a94776a97,false,2026-10-03,,3PS Quota / Package Store,FLLM-MKT-Q-017,active,Backfilled from legacy market_listing_observations.,2026-10-03,,89f80222-6530-4a46-a2e7-71f04a76e24f,,,2026-10-03T15:17:01.804213+00:00
315000,,,,Restaurant,,Brevard County,2026-10-03T15:17:01.804213+00:00,95,,2026-10-03,,,791eb474-edb7-4dbf-8410-fceae342f1d5,false,2026-10-03,,2COP Beer & Wine,FLLM-MKT-2COP-004,active,Backfilled from legacy market_listing_observations.,2026-10-03,,89f80222-6530-4a46-a2e7-71f04a76e24f,,,2026-10-03T15:17:01.804213+00:00
310000,,,,Cocktail Lounge,,Hillsborough County,2026-10-03T15:17:01.804213+00:00,95,,2026-10-03,,,74031246-9980-4177-9595-2cedfa469345,false,2026-10-03,,4COP Quota,FLLM-MKT-Q-013,active,Backfilled from legacy market_listing_observations.,2026-10-03,,89f80222-6530-4a46-a2e7-71f04a76e24f,,,2026-10-03T15:17:01.804213+00:00
499000,,,,Restaurant,,Hernando County,2026-10-03T15:17:01.804213+00:00,95,,2026-10-03,,,3bea61b0-50bf-4e7d-958d-63acca7d808c,false,2026-10-03,,2COP Beer & Wine,FLLM-MKT-2COP-032,active,Backfilled from legacy market_listing_observations.,2026-10-03,,89f80222-6530-4a46-a2e7-71f04a76e24f,,,2026-10-03T15:17:01.804213+00:00
599000,,,,Restaurant,,Hernando County,2026-10-03T15:17:01.804213+00:00,95,,2026-10-03,,,cb212242-c975-4b42-93eb-46fcb09b1dc7,false,2026-10-03,,2COP Beer & Wine,FLLM-MKT-2COP-017,active,Backfilled from legacy market_listing_observations.,2026-10-03,,89f80222-6530-4a46-a2e7-71f04a76e24f,,,2026-10-03T15:17:01.804213+00:00
79000,,,,Cocktail Lounge,,Hillsborough County,2026-10-03T15:17:01.804213+00:00,95,,2026-10-03,,,f4d5b89d-f101-41eb-b497-cc05caf25bb1,false,2026-10-03,,2COP Beer & Wine,FLLM-MKT-2COP-021,active,Backfilled from legacy market_listing_observations.,2026-10-03,,89f80222-6530-4a46-a2e7-71f04a76e24f,,,2026-10-03T15:17:01.804213+00:00
599000,,,,Restaurant,,Miami-Dade County,2026-10-03T15:17:01.804213+00:00,95,,2026-10-03,,,de89649f-086c-4ffa-ad1b-30f239ed8a75,false,2026-10-03,,2COP Beer & Wine,FLLM-MKT-2COP-008,active,Backfilled from legacy market_listing_observations.,2026-10-03,,89f80222-6530-4a46-a2e7-71f04a76e24f,,,2026-10-03T15:17:01.804213+00:00
199999,,,,Restaurant,,Hillsborough County,2026-10-03T15:17:01.804213+00:00,95,,2026-10-03,,,32e77e4d-2025-4678-8d84-639900235af5,false,2026-10-03,,2COP Beer & Wine,FLLM-MKT-2COP-003,active,Backfilled from legacy market_listing_observations.,2026-10-03,,89f80222-6530-4a46-a2e7-71f04a76e24f,,,2026-10-03T15:17:01.804213+00:00
435000,,,,Liquor Store,,Broward County,2026-10-03T15:17:01.804213+00:00,95,,2026-10-03,,,40c1c2f3-ba1b-4b92-bbf4-0a1a280a5f33,false,2026-10-03,,3PS Quota / Package Store,FLLM-MKT-Q-040,active,Backfilled from legacy market_listing_observations.,2026-10-03,,89f80222-6530-4a46-a2e7-71f04a76e24f,,,2026-10-03T15:17:01.804213+00:00
435000,,,,Liquor Store,,Broward County,2026-10-03T15:17:01.804213+00:00,95,,2026-10-03,,,caaf9049-bc0b-49ba-a075-8f882b5d2139,false,2026-10-03,,3PS Quota / Package Store,FLLM-MKT-Q-008,active,Backfilled from legacy market_listing_observations.,2026-10-03,,89f80222-6530-4a46-a2e7-71f04a76e24f,,,2026-10-03T15:17:01.804213+00:00
420000,,,,Liquor Store,,Miami-Dade County,2026-10-03T15:17:01.804213+00:00,95,,2026-10-03,,,d94440a8-47a4-4d13-aee0-2827dfb48bfd,false,2026-10-03,,3PS Quota / Package Store,FLLM-MKT-Q-009,active,Backfilled from legacy market_listing_observations.,2026-10-03,,89f80222-6530-4a46-a2e7-71f04a76e24f,,,2026-10-03T15:17:01.804213+00:00
350000,,,,Restaurant,,Seminole County,2026-10-03T15:17:01.804213+00:00,95,,2026-10-03,,,41e596f6-c89b-4a5a-a820-561a7c7ff3a9,false,2026-10-03,,4COP Quota,FLLM-MKT-Q-033,active,Backfilled from legacy market_listing_observations.,2026-10-03,,89f80222-6530-4a46-a2e7-71f04a76e24f,,,2026-10-03T15:17:01.804213+00:00
1495000,,,,Restaurant,,Pinellas County,2026-10-03T15:17:01.804213+00:00,95,,2026-10-03,,,ecd8ef5a-4abd-495b-a877-685c899f4410,false,2026-10-03,,4COP SFS/SRX,FLLM-MKT-SFS-027,active,Backfilled from legacy market_listing_observations.,2026-10-03,,89f80222-6530-4a46-a2e7-71f04a76e24f,,,2026-10-03T15:17:01.804213+00:00
1945000,,,,Restaurant,,Pinellas County,2026-10-03T15:17:01.804213+00:00,95,,2026-10-03,,,60758b50-1eb3-4ff9-a709-52dd38ef83e1,false,2026-10-03,,4COP SFS/SRX,FLLM-MKT-SFS-032,active,Backfilled from legacy market_listing_observations.,2026-10-03,,89f80222-6530-4a46-a2e7-71f04a76e24f,,,2026-10-03T15:17:01.804213+00:00
950000,,,,Bar,,Pinellas County,2026-10-03T15:17:01.804213+00:00,95,,2026-10-03,,,6a2f1444-de6b-4802-87a2-2fd5ac4b0bcb,false,2026-10-03,,4COP SFS/SRX,FLLM-MKT-SFS-007,active,Backfilled from legacy market_listing_observations.,2026-10-03,,89f80222-6530-4a46-a2e7-71f04a76e24f,,,2026-10-03T15:17:01.804213+00:00
1195000,,,,Bar,,Pinellas County,2026-10-03T15:17:01.804213+00:00,95,,2026-10-03,,,e46a21fb-92b9-4872-854b-4cb2a37e2b16,false,2026-10-03,,4COP SFS/SRX,FLLM-MKT-SFS-023,active,Backfilled from legacy market_listing_observations.,2026-10-03,,89f80222-6530-4a46-a2e7-71f04a76e24f,,,2026-10-03T15:17:01.804213+00:00
595000,,,,Bar,,Pinellas County,2026-10-03T15:17:01.804213+00:00,95,,2026-10-03,,,2701df71-e204-4b35-b75a-b8740f74c50a,false,2026-10-03,,4COP SFS/SRX,FLLM-MKT-SFS-025,active,Backfilled from legacy market_listing_observations.,2026-10-03,,89f80222-6530-4a46-a2e7-71f04a76e24f,,,2026-10-03T15:17:01.804213+00:00
425000,,,,Bar,,Pinellas County,2026-10-03T15:17:01.804213+00:00,95,,2026-10-03,,,44fff0dc-3113-46e4-9d19-ec31026b3c8c,false,2026-10-03,,4COP SFS/SRX,FLLM-MKT-SFS-039,active,Backfilled from legacy market_listing_observations.,2026-10-03,,89f80222-6530-4a46-a2e7-71f04a76e24f,,,2026-10-03T15:17:01.804213+00:00
995000,,,,Restaurant,,Pinellas County,2026-10-03T15:17:01.804213+00:00,95,,2026-10-03,,,51fa93cf-fe1e-4540-8c30-22096796edd5,false,2026-10-03,,4COP SFS/SRX,FLLM-MKT-SFS-019,active,Backfilled from legacy market_listing_observations.,2026-10-03,,89f80222-6530-4a46-a2e7-71f04a76e24f,,,2026-10-03T15:17:01.804213+00:00
450000,,,,Restaurant,,Broward County,2026-10-03T15:17:01.804213+00:00,95,,2026-10-03,,,e87c0f3e-2c4e-4c5b-89fc-617cfc29d4cd,false,2026-10-03,,4COP SFS/SRX,FLLM-MKT-SFS-006,active,Backfilled from legacy market_listing_observations.,2026-10-03,,89f80222-6530-4a46-a2e7-71f04a76e24f,,,2026-10-03T15:17:01.804213+00:00
399999,,,,Bar,,St. Johns County,2026-10-03T15:17:01.804213+00:00,95,,2026-10-03,,,f8b37ee6-94ba-4be8-9218-055183496910,false,2026-10-03,,4COP SFS/SRX,FLLM-MKT-SFS-022,active,Backfilled from legacy market_listing_observations.,2026-10-03,,89f80222-6530-4a46-a2e7-71f04a76e24f,,,2026-10-03T15:17:01.804213+00:00
1495000,,,,Restaurant,,St. Johns County,2026-10-03T15:17:01.804213+00:00,95,,2026-10-03,,,d3f5f500-4068-4e4f-9a7b-662b0c04d125,false,2026-10-03,,4COP SFS/SRX,FLLM-MKT-SFS-041,active,Backfilled from legacy market_listing_observations.,2026-10-03,,89f80222-6530-4a46-a2e7-71f04a76e24f,,,2026-10-03T15:17:01.804213+00:00
1495000,,,,Restaurant,,St. Johns County,2026-10-03T15:17:01.804213+00:00,95,,2026-10-03,,,b3cb99b2-b6e0-41d5-ac10-be667983a6fb,false,2026-10-03,,4COP SFS/SRX,FLLM-MKT-SFS-020,active,Backfilled from legacy market_listing_observations.,2026-10-03,,89f80222-6530-4a46-a2e7-71f04a76e24f,,,2026-10-03T15:17:01.804213+00:00
150000,,,,Restaurant,,Seminole County,2026-10-03T15:17:01.804213+00:00,95,,2026-10-03,,,6482240c-ae1d-499f-9c8c-7b88b25f3f1d,false,2026-10-03,,4COP SFS/SRX,FLLM-MKT-SFS-004,active,Backfilled from legacy market_listing_observations.,2026-10-03,,89f80222-6530-4a46-a2e7-71f04a76e24f,,,2026-10-03T15:17:01.804213+00:00
350000,,,,Restaurant,,Seminole County,2026-10-03T15:17:01.804213+00:00,95,,2026-10-03,,,1e016ba7-849d-4aaf-adf7-15c5c624f36c,false,2026-10-03,,4COP SFS/SRX,FLLM-MKT-SFS-030,active,Backfilled from legacy market_listing_observations.,2026-10-03,,89f80222-6530-4a46-a2e7-71f04a76e24f,,,2026-10-03T15:17:01.804213+00:00
350000,,,,Restaurant,,Broward County,2026-10-03T15:17:01.804213+00:00,95,,2026-10-03,,,b1fea333-d266-41c1-a84d-0cceb655ff40,false,2026-10-03,,4COP SFS/SRX,FLLM-MKT-SFS-010,active,Backfilled from legacy market_listing_observations.,2026-10-03,,89f80222-6530-4a46-a2e7-71f04a76e24f,,,2026-10-03T15:17:01.804213+00:00
400000,,,,Restaurant,,Broward County,2026-10-03T15:17:01.804213+00:00,95,,2026-10-03,,,b3c35a4a-5582-450f-9989-f390ef47bad2,false,2026-10-03,,4COP SFS/SRX,FLLM-MKT-SFS-002,active,Backfilled from legacy market_listing_observations.,2026-10-03,,89f80222-6530-4a46-a2e7-71f04a76e24f,,,2026-10-03T15:17:01.804213+00:00
75000,,,,Other Hospitality,,Broward County,2026-10-03T15:17:01.804213+00:00,95,,2026-10-03,,,90885e3f-c0f7-40d0-8e05-5f8559cca6e1,false,2026-10-03,,4COP SFS/SRX,FLLM-MKT-SFS-009,active,Backfilled from legacy market_listing_observations.,2026-10-03,,89f80222-6530-4a46-a2e7-71f04a76e24f,,,2026-10-03T15:17:01.804213+00:00
249000,,,,Restaurant,,Broward County,2026-10-03T15:17:01.804213+00:00,95,,2026-10-03,,,d4c17c8c-a8ff-486e-83e3-bfa6aa7d6b4e,false,2026-10-03,,4COP SFS/SRX,FLLM-MKT-SFS-012,active,Backfilled from legacy market_listing_observations.,2026-10-03,,89f80222-6530-4a46-a2e7-71f04a76e24f,,,2026-10-03T15:17:01.804213+00:00
150000,,,,Restaurant,,Broward County,2026-10-03T15:17:01.804213+00:00,95,,2026-10-03,,,791d1c98-beb6-4db1-8218-a1fae8ff7b0e,false,2026-10-03,,4COP SFS/SRX,FLLM-MKT-SFS-033,active,Backfilled from legacy market_listing_observations.,2026-10-03,,89f80222-6530-4a46-a2e7-71f04a76e24f,,,2026-10-03T15:17:01.804213+00:00
400000,,,,Restaurant,,Broward County,2026-10-03T15:17:01.804213+00:00,95,,2026-10-03,,,ed834bf5-c7d4-4285-b6fd-0f5e77e7fd21,false,2026-10-03,,4COP SFS/SRX,FLLM-MKT-SFS-013,active,Backfilled from legacy market_listing_observations.,2026-10-03,,89f80222-6530-4a46-a2e7-71f04a76e24f,,,2026-10-03T15:17:01.804213+00:00
249000,,,,Restaurant,,Hillsborough County,2026-10-03T15:17:01.804213+00:00,95,,2026-10-03,,,b6f24fa2-1369-43c4-89af-a6a057118d2d,false,2026-10-03,,4COP SFS/SRX,FLLM-MKT-SFS-031,active,Backfilled from legacy market_listing_observations.,2026-10-03,,89f80222-6530-4a46-a2e7-71f04a76e24f,,,2026-10-03T15:17:01.804213+00:00
779000,,,,Restaurant,,Hillsborough County,2026-10-03T15:17:01.804213+00:00,95,,2026-10-03,,,e3918277-c18a-43df-acbb-2a4548631022,false,2026-10-03,,4COP SFS/SRX,FLLM-MKT-SFS-026,active,Backfilled from legacy market_listing_observations.,2026-10-03,,89f80222-6530-4a46-a2e7-71f04a76e24f,,,2026-10-03T15:17:01.804213+00:00
749000,,,,Restaurant,,Hillsborough County,2026-10-03T15:17:01.804213+00:00,95,,2026-10-03,,,103d42cb-6ec8-4197-8561-6511e2c2c447,false,2026-10-03,,4COP SFS/SRX,FLLM-MKT-SFS-038,active,Backfilled from legacy market_listing_observations.,2026-10-03,,89f80222-6530-4a46-a2e7-71f04a76e24f,,,2026-10-03T15:17:01.804213+00:00
1549000,,,,Restaurant,,Sarasota County,2026-10-03T15:17:01.804213+00:00,95,,2026-10-03,,,985a4eea-0930-4dff-9a40-92e070bda735,false,2026-10-03,,4COP SFS/SRX,FLLM-MKT-SFS-015,active,Backfilled from legacy market_listing_observations.,2026-10-03,,89f80222-6530-4a46-a2e7-71f04a76e24f,,,2026-10-03T15:17:01.804213+00:00
215000,,,,Restaurant,,Sarasota County,2026-10-03T15:17:01.804213+00:00,95,,2026-10-03,,,06a870ee-0bee-46ff-ab5e-c28c3c0830f8,false,2026-10-03,,4COP SFS/SRX,FLLM-MKT-SFS-008,active,Backfilled from legacy market_listing_observations.,2026-10-03,,89f80222-6530-4a46-a2e7-71f04a76e24f,,,2026-10-03T15:17:01.804213+00:00
475000,,,,Bar,,Sarasota County,2026-10-03T15:17:01.804213+00:00,95,,2026-10-03,,,46afe56a-05a4-45b5-8e51-5b5d2c5a5106,false,2026-10-03,,2COP Beer & Wine,FLLM-MKT-2COP-009,active,Backfilled from legacy market_listing_observations.,2026-10-03,,89f80222-6530-4a46-a2e7-71f04a76e24f,,,2026-10-03T15:17:01.804213+00:00
756000,,,,Bar,,Sarasota County,2026-10-03T15:17:01.804213+00:00,95,,2026-10-03,,,2ad5eb3f-1eea-411c-818b-0826ae6599ef,false,2026-10-03,,4COP Quota,FLLM-MKT-Q-002,active,Backfilled from legacy market_listing_observations.,2026-10-03,,89f80222-6530-4a46-a2e7-71f04a76e24f,,,2026-10-03T15:17:01.804213+00:00
179000,,,,Bar,,Hillsborough County,2026-10-03T15:17:01.804213+00:00,95,,2026-10-03,,,cec4abe4-2075-4808-a70c-d7afd9db31b4,false,2026-10-03,,2COP Beer & Wine,FLLM-MKT-2COP-022,active,Backfilled from legacy market_listing_observations.,2026-10-03,,89f80222-6530-4a46-a2e7-71f04a76e24f,,,2026-10-03T15:17:01.804213+00:00
